FileName,ReplicateName,AcquiredTime,ProteinName,PeptideSequence,PeptideModifiedSequenceFullNames,PeptideModifiedSequenceThreeLetterCodes,ModifiedSequenceFullNames,ModifiedSequenceThreeLetterCodes,IsotopeLabelType,PrecursorMz,PrecursorCharge,PrecursorIonFormula,BestRetentionTime,MinStartTime,MaxEndTime,PredictedRetentionTime,TotalAreaMs1,TotalAreaFragment,IsotopeDotProduct,LibraryDotProduct,RatioDotProduct,DetectionQValue,ReplicateLocator,ProteinLocator,PeptideLocator,PrecursorLocator
OE2-20220107_012.raw,OE2-20220107_012,01/07/2022 23:59:29,iRTs,SSAAPPPPPR,SSAAPPPPPR,SSAAPPPPPR,SSAAPPPPPR[Label:13C(6)15N(4) (R)],SSAAPPPPPR[+10],heavy,493.7683,2,C37C'6H71N9N'4O13,11.84075927734375,11.707559585571289,12.173759460449219,#N/A,227460528,158003136,0.992499589920044,#N/A,#N/A,#N/A,Replicate:/OE2-20220107_012,MoleculeGroup:/iRTs,Molecule:/iRTs/SSAAPPPPPR,Precursor:/iRTs/SSAAPPPPPR/heavy++
OE2-20220107_012.raw,OE2-20220107_012,01/07/2022 23:59:29,iRTs,GISNEGQNASIK,GISNEGQNASIK,GISNEGQNASIK,GISNEGQNASIK[Label:13C(6)15N(2) (K)],GISNEGQNASIK[+08],heavy,613.316765,2,C43C'6H86N14N'2O20,13.297746658325195,13.180446624755859,13.493247032165527,#N/A,189214704,72157928,0.99159866571426392,#N/A,#N/A,#N/A,Replicate:/OE2-20220107_012,MoleculeGroup:/iRTs,Molecule:/iRTs/GISNEGQNASIK,Precursor:/iRTs/GISNEGQNASIK/heavy++
OE2-20220107_012.raw,OE2-20220107_012,01/07/2022 23:59:29,iRTs,HVLTSIGEK,HVLTSIGEK,HVLTSIGEK,HVLTSIGEK[Label:13C(6)15N(2) (K)],HVLTSIGEK[+08],heavy,496.286748,2,C37C'6H76N10N'2O14,15.01335334777832,14.90135383605957,15.237353324890137,#N/A,353775168,123088384,0.99208354949951172,#N/A,#N/A,#N/A,Replicate:/OE2-20220107_012,MoleculeGroup:/iRTs,Molecule:/iRTs/HVLTSIGEK,Precursor:/iRTs/HVLTSIGEK/heavy++
OE2-20220107_012.raw,OE2-20220107_012,01/07/2022 23:59:29,iRTs,DIPVPKPK,DIPVPKPK,DIPVPKPK,DIPVPKPK[Label:13C(6)15N(2) (K)],DIPVPKPK[+08],heavy,451.283477,2,C36C'6H74N8N'2O11,16.696178436279297,16.383378982543945,16.891677856445313,#N/A,187193984,67762872,0.99460804462432861,#N/A,#N/A,#N/A,Replicate:/OE2-20220107_012,MoleculeGroup:/iRTs,Molecule:/iRTs/DIPVPKPK,Precursor:/iRTs/DIPVPKPK/heavy++
OE2-20220107_012.raw,OE2-20220107_012,01/07/2022 23:59:29,iRTs,IGDYAGIK,IGDYAGIK,IGDYAGIK,IGDYAGIK[Label:13C(6)15N(2) (K)],IGDYAGIK[+08],heavy,422.73636,2,C32C'6H63N7N'2O12,17.50758171081543,17.42938232421875,17.624881744384766,#N/A,325879968,81927416,0.97098594903945923,#N/A,#N/A,#N/A,Replicate:/OE2-20220107_012,MoleculeGroup:/iRTs,Molecule:/iRTs/IGDYAGIK,Precursor:/iRTs/IGDYAGIK/heavy++
OE2-20220107_012.raw,OE2-20220107_012,01/07/2022 23:59:29,iRTs,TASEFDSAIAQDK,TASEFDSAIAQDK,TASEFDSAIAQDK,TASEFDSAIAQDK[Label:13C(6)15N(2) (K)],TASEFDSAIAQDK[+08],heavy,695.832445,2,C52C'6H93N13N'2O24,19.797931671142578,19.680631637573242,19.95433235168457,#N/A,220007840,66902532,0.99102681875228882,#N/A,#N/A,#N/A,Replicate:/OE2-20220107_012,MoleculeGroup:/iRTs,Molecule:/iRTs/TASEFDSAIAQDK,Precursor:/iRTs/TASEFDSAIAQDK/heavy++
OE2-20220107_012.raw,OE2-20220107_012,01/07/2022 23:59:29,iRTs,SAAGAFGPELSR,SAAGAFGPELSR,SAAGAFGPELSR,SAAGAFGPELSR[Label:13C(6)15N(4) (R)],SAAGAFGPELSR[+10],heavy,586.800329,2,C44C'6H81N11N'4O17,21.634115219116211,21.438615798950195,21.829616546630859,#N/A,330785152,164253360,0.98204922676086426,#N/A,#N/A,#N/A,Replicate:/OE2-20220107_012,MoleculeGroup:/iRTs,Molecule:/iRTs/SAAGAFGPELSR,Precursor:/iRTs/SAAGAFGPELSR/heavy++
OE2-20220107_012.raw,OE2-20220107_012,01/07/2022 23:59:29,iRTs,ELGQSGVDTYLQTK,ELGQSGVDTYLQTK,ELGQSGVDTYLQTK,ELGQSGVDTYLQTK[Label:13C(6)15N(2) (K)],ELGQSGVDTYLQTK[+08],heavy,773.895577,2,C60C'6H109N15N'2O25,23.141910552978516,23.053510665893555,23.230310440063477,#N/A,209667360,67309960,0.99627721309661865,#N/A,#N/A,#N/A,Replicate:/OE2-20220107_012,MoleculeGroup:/iRTs,Molecule:/iRTs/ELGQSGVDTYLQTK,Precursor:/iRTs/ELGQSGVDTYLQTK/heavy++
OE2-20220107_012.raw,OE2-20220107_012,01/07/2022 23:59:29,iRTs,SFANQPLEVVYSK,SFANQPLEVVYSK,SFANQPLEVVYSK,SFANQPLEVVYSK[Label:13C(6)15N(2) (K)],SFANQPLEVVYSK[+08],heavy,745.392473,2,C62C'6H106N14N'2O21,27.737813949584961,27.625812530517578,27.905813217163086,#N/A,92512384,21652656,0.99729251861572266,#N/A,#N/A,#N/A,Replicate:/OE2-20220107_012,MoleculeGroup:/iRTs,Molecule:/iRTs/SFANQPLEVVYSK,Precursor:/iRTs/SFANQPLEVVYSK/heavy++
OE2-20220107_012.raw,OE2-20220107_012,01/07/2022 23:59:29,iRTs,GLILVGGYGTR,GLILVGGYGTR,GLILVGGYGTR,GLILVGGYGTR[Label:13C(6)15N(4) (R)],GLILVGGYGTR[+10],heavy,558.325982,2,C44C'6H86N10N'4O14,27.860050201416016,27.748050689697266,27.972049713134766,#N/A,237616592,97398296,0.99390316009521484,#N/A,#N/A,#N/A,Replicate:/OE2-20220107_012,MoleculeGroup:/iRTs,Molecule:/iRTs/GLILVGGYGTR,Precursor:/iRTs/GLILVGGYGTR/heavy++
OE2-20220107_012.raw,OE2-20220107_012,01/07/2022 23:59:29,iRTs,GILFVGSGVSGGEEGAR,GILFVGSGVSGGEEGAR,GILFVGSGVSGGEEGAR,GILFVGSGVSGGEEGAR[Label:13C(6)15N(4) (R)],GILFVGSGVSGGEEGAR[+10],heavy,801.411503,2,C62C'6H112N16N'4O24,28.360378265380859,28.248378753662109,28.528379440307617,#N/A,195821536,75378632,0.984465479850769,#N/A,#N/A,#N/A,Replicate:/OE2-20220107_012,MoleculeGroup:/iRTs,Molecule:/iRTs/GILFVGSGVSGGEEGAR,Precursor:/iRTs/GILFVGSGVSGGEEGAR/heavy++
OE2-20220107_012.raw,OE2-20220107_012,01/07/2022 23:59:29,iRTs,LTILEELR,LTILEELR,LTILEELR,LTILEELR[Label:13C(6)15N(4) (R)],LTILEELR[+10],heavy,498.801809,2,C38C'6H81N7N'4O14,31.648780822753906,31.570581436157227,31.8051815032959,#N/A,171914096,63658208,0.99129444360733032,#N/A,#N/A,#N/A,Replicate:/OE2-20220107_012,MoleculeGroup:/iRTs,Molecule:/iRTs/LTILEELR,Precursor:/iRTs/LTILEELR/heavy++
OE2-20220107_012.raw,OE2-20220107_012,01/07/2022 23:59:29,iRTs,NGFILDGFPR,NGFILDGFPR,NGFILDGFPR,NGFILDGFPR[Label:13C(6)15N(4) (R)],NGFILDGFPR[+10],heavy,573.302507,2,C47C'6H80N10N'4O14,33.49261474609375,33.336215972900391,33.727214813232422,#N/A,203233232,85086448,0.97905600070953369,#N/A,#N/A,#N/A,Replicate:/OE2-20220107_012,MoleculeGroup:/iRTs,Molecule:/iRTs/NGFILDGFPR,Precursor:/iRTs/NGFILDGFPR/heavy++
OE2-20220107_012.raw,OE2-20220107_012,01/07/2022 23:59:29,iRTs,ELASGLSFPVGFK,ELASGLSFPVGFK,ELASGLSFPVGFK,ELASGLSFPVGFK[Label:13C(6)15N(2) (K)],ELASGLSFPVGFK[+08],heavy,680.373552,2,C58C'6H100N12N'2O18,34.444477081298828,34.288078308105469,34.6790771484375,#N/A,158744688,54250788,0.98694932460784912,#N/A,#N/A,#N/A,Replicate:/OE2-20220107_012,MoleculeGroup:/iRTs,Molecule:/iRTs/ELASGLSFPVGFK,Precursor:/iRTs/ELASGLSFPVGFK/heavy++
OE2-20220107_012.raw,OE2-20220107_012,01/07/2022 23:59:29,iRTs,LSSEAPALFQFDLK,LSSEAPALFQFDLK,LSSEAPALFQFDLK,LSSEAPALFQFDLK[Label:13C(6)15N(2) (K)],LSSEAPALFQFDLK[+08],heavy,787.42123,2,C67C'6H114N14N'2O22,36.743610382080078,36.654811859130859,36.876811981201172,#N/A,85763392,24387174,0.99391728639602661,#N/A,#N/A,#N/A,Replicate:/OE2-20220107_012,MoleculeGroup:/iRTs,Molecule:/iRTs/LSSEAPALFQFDLK,Precursor:/iRTs/LSSEAPALFQFDLK/heavy++
